{"cameraMode":{"drawMode":0,"name":"Shaded","section":"Shading Mode"},"sceneLighting":true,"audioPlay":false,"sceneViewState":{"showFog":false,"showMaterialUpdate":false,"showSkybox":false,"showFlares":false,"showImageEffects":false,"showParticleSystems":false},"in2DMode":false,"pivot":{"x":-3.02340030670166,"y":6.704297065734863,"z":5.27284049987793},"rotation":{"x":0.10311698168516159,"y":-0.22998717427253724,"z":-0.02451491169631481,"w":-0.9674044251441956},"size":22.68831443786621,"orthographic":false}