{"cameraMode":{"drawMode":0,"name":"Shaded","section":"Shading Mode"},"sceneLighting":true,"audioPlay":false,"sceneViewState":{"showFog":false,"showMaterialUpdate":false,"showSkybox":false,"showFlares":false,"showImageEffects":false,"showParticleSystems":false},"in2DMode":false,"pivot":{"x":12.334850311279297,"y":0.33377671241760256,"z":13.791481018066407},"rotation":{"x":-0.03917848691344261,"y":-0.3765229284763336,"z":0.015939777716994287,"w":-0.9254420399665833},"size":21.768043518066408,"orthographic":false}