{"cameraMode":{"drawMode":0,"name":"Shaded","section":"Shading Mode"},"sceneLighting":true,"audioPlay":false,"sceneViewState":{"showFog":false,"showMaterialUpdate":false,"showSkybox":false,"showFlares":false,"showImageEffects":false,"showParticleSystems":false},"in2DMode":false,"pivot":{"x":2.179086208343506,"y":2.481039047241211,"z":17.983732223510743},"rotation":{"x":0.028157107532024385,"y":-0.04586957022547722,"z":-0.0012937028659507633,"w":-0.9985509514808655},"size":20.05523681640625,"orthographic":false}