{"cameraMode":{"drawMode":0,"name":"Shaded","section":"Shading Mode"},"sceneLighting":true,"audioPlay":false,"sceneViewState":{"showFog":false,"showMaterialUpdate":false,"showSkybox":false,"showFlares":false,"showImageEffects":false,"showParticleSystems":false},"in2DMode":false,"pivot":{"x":3.972315788269043,"y":4.345411777496338,"z":17.712745666503908},"rotation":{"x":0.028157107532024385,"y":-0.04586957022547722,"z":-0.0012937028659507633,"w":-0.9985509514808655},"size":25.785015106201173,"orthographic":false}