{"cameraMode":{"drawMode":0,"name":"Shaded","section":"Shading Mode"},"sceneLighting":false,"audioPlay":false,"sceneViewState":{"showFog":false,"showMaterialUpdate":false,"showSkybox":false,"showFlares":false,"showImageEffects":false,"showParticleSystems":false},"in2DMode":false,"pivot":{"x":0.1890379786491394,"y":0.30437248945236208,"z":-0.03464484214782715},"rotation":{"x":0.028157107532024385,"y":-0.04586957022547722,"z":-0.0012937028659507633,"w":-0.9985509514808655},"size":2.2962357997894289,"orthographic":false}