{"cameraMode":{"drawMode":0,"name":"Shaded","section":"Shading Mode"},"sceneLighting":true,"audioPlay":false,"sceneViewState":{"showFog":false,"showMaterialUpdate":false,"showSkybox":false,"showFlares":false,"showImageEffects":false,"showParticleSystems":false},"in2DMode":false,"pivot":{"x":5.735146522521973,"y":3.4090309143066408,"z":20.995471954345704},"rotation":{"x":-0.01058325543999672,"y":-0.2034611701965332,"z":0.0021991298999637367,"w":-0.9790239334106445},"size":41.70249557495117,"orthographic":false}