{"cameraMode":{"drawMode":0,"name":"Shaded","section":"Shading Mode"},"sceneLighting":false,"audioPlay":false,"sceneViewState":{"showFog":false,"showMaterialUpdate":false,"showSkybox":false,"showFlares":false,"showImageEffects":false,"showParticleSystems":false},"in2DMode":false,"pivot":{"x":0.07381707429885864,"y":0.10674595832824707,"z":0.01010441780090332},"rotation":{"x":0.18815749883651734,"y":0.24031879007816316,"z":-0.04754217341542244,"w":0.951097846031189},"size":0.9759091734886169,"orthographic":false}